﻿<?xml version="1.0" encoding="utf-8"?>
<Solution xmlns="http://schemas.microsoft.com/sharepoint/" SolutionId="537854c3-6dca-4afb-ac18-3de898b47aa5" SharePointProductVersion="14.0">
  <Assemblies>
    <Assembly Location="KWS.Sharepoint.ImageHyperlinkFieldType.dll" DeploymentTarget="GlobalAssemblyCache" />
  </Assemblies>
  <TemplateFiles>
    <TemplateFile Location="CONTROLTEMPLATES\ImageHyperlinkFieldControl.ascx" />
    <TemplateFile Location="XML\fldtypes_ImageHyperlinkField.xml" />
    <TemplateFile Location="LAYOUTS\XSL\fldtypes_ImageHyperlinkField.xsl" />
  </TemplateFiles>
</Solution>